<?xml version="1.0" encoding="UTF-8"?>
<!--
~  Copyright (c) 2018, WSO2 Inc. (http://wso2.com) All Rights Reserved.
~
~  WSO2 Inc. licenses this file to you under the Apache License,
~  Version 2.0 (the "License"); you may not use this file except
~  in compliance with the License.
~  You may obtain a copy of the License at
~
~   http://www.apache.org/licenses/LICENSE-2.0
~
~  Unless required by applicable law or agreed to in writing,
~  software distributed under the License is distributed on an
~  "AS IS" BASIS, WITHOUT WARRANTIES OR CONDITIONS OF ANY
~  KIND, either express or implied.  See the License for the
~  specific language governing permissions and limitations
~  under the License.
-->
<template name="searchCarePlan" xmlns="http://ws.apache.org/ns/synapse">
    <parameter name="id" description="The logical Id of the resource"/>
    <parameter name="patient" description="Search for care plan resources for a specified patient ID."/>
    <parameter name="category" description="search Category of the care plan"/>
    <parameter name="startDate" description="start date of the care plan"/>
    <parameter name="endDate" description="endDate of the care plan"/>
    <sequence>
        <property name="uri.var.id" expression="$func:id"/>
        <property name="uri.var.patient" expression="$func:patient"/>
        <property name="uri.var.category" expression="$func:category"/>
        <property name="uri.var.startDate" expression="$func:startDate"/>
        <property name="uri.var.endDate" expression="$func:endDate"/>
        <filter source="boolean($ctx:uri.var.id) or boolean($ctx:uri.var.patient)"
                regex="false">
            <then>
                <log category="ERROR" description="FAULT" level="custom">
                    <property name="ERROR" value="No supported Mandatory search parameters provided"/>
                </log>
                <payloadFactory media-type="json">
                    <format>{ "Error":{ "errorType":"InvalidParameter","details":"at least one of the id and patient parameters must be provided " } }
                    </format>
                    <args/>
                </payloadFactory>
                <header name="To" scope="default" action="remove"/>
                <property name="RESPONSE" value="true" scope="default" type="STRING"/>
                <property name="HTTP_SC" value="400" scope="axis2" type="STRING"/>
                <send/>
            </then>
            <else>
                <script language="js">
                    <![CDATA[
                    var id = mc.getProperty('uri.var.id');
                    var patient = mc.getProperty('uri.var.patient');
                    var category = mc.getProperty('uri.var.category');
                    var startDate = mc.getProperty('uri.var.startDate');
                    var endDate = mc.getProperty('uri.var.endDate');
                    urlQuery = '';
                    if  (id != null && id != "") {
                        urlQuery += '_id=' + id + '&';
                    }
                    if  (patient != null && patient != "") {
                        urlQuery += 'patient=' + patient + '&';
                    }
                    if  (category != null && category != "") {
                        urlQuery += 'category=' + category + '&';
                    }
                    if  (startDate != null && startDate != "") {
                        urlQuery += 'date=gt' + startDate + '&';
                    }
                    if  (endDate != null && endDate != "") {
                        urlQuery += 'date=lt' + endDate + '&';
                    }
                    if  (urlQuery != null && urlQuery  != "") {
                        urlQuery = '?' + urlQuery.toString().substring(0, urlQuery.toString().lastIndexOf("&"));
                    }
                    mc.setProperty('uri.var.urlQuery',urlQuery);
                    ]]>
                </script>
                <header name="Accept" scope="transport" value="application/json+fhir"/>
                <call>
                    <endpoint>
                        <http method="GET"
                              uri-template="{uri.var.base}/CarePlan{+uri.var.urlQuery}"/>
                    </endpoint>
                </call>
            </else>
        </filter>
    </sequence>
</template>
