<?xml version="1.0" encoding="UTF-8"?>
<!--
~  Copyright (c) 2018, WSO2 Inc. (http://wso2.com) All Rights Reserved.
~
~  WSO2 Inc. licenses this file to you under the Apache License,
~  Version 2.0 (the "License"); you may not use this file except
~  in compliance with the License.
~  You may obtain a copy of the License at
~
~   http://www.apache.org/licenses/LICENSE-2.0
~
~  Unless required by applicable law or agreed to in writing,
~  software distributed under the License is distributed on an
~  "AS IS" BASIS, WITHOUT WARRANTIES OR CONDITIONS OF ANY
~  KIND, either express or implied.  See the License for the
~  specific language governing permissions and limitations
~  under the License.
-->
<template name="searchRelatedPerson" xmlns="http://ws.apache.org/ns/synapse">
    <parameter name="id" description="The logical Id of the resource"/>
    <parameter name="identifier" description="The RelatedPerson Identifier"/>
    <parameter name="patient" description="A reference to a patient related which the RelatedPerson is associated"/>
    <sequence>
        <property name="uri.var.id" expression="$func:id"/>
        <property name="uri.var.identifier" expression="$func:identifier"/>
        <property name="uri.var.patient" expression="$func:patient"/>
        <script language="js">
            <![CDATA[
            var id = mc.getProperty('uri.var.id');
            var identifier = mc.getProperty('uri.var.identifier');
            var patient = mc.getProperty('uri.var.patient');
            urlQuery = '';
            if  (id != null && id != "") {
                urlQuery += '_id=' + id + '&';
            }
            if  (identifier != null && identifier != "") {
                urlQuery += 'identifier=' + identifier + '&';
            }
            if  (patient != null && patient != "") {
                urlQuery += 'patient=' + patient + '&';
            }
            if  (urlQuery != null && urlQuery  != "") {
                urlQuery = '?' + urlQuery.toString().substring(0, urlQuery.toString().lastIndexOf("&"));
            }
            mc.setProperty('uri.var.urlQuery',urlQuery);
            ]]>
        </script>
        <header name="Accept" scope="transport" value="application/json+fhir"/>
        <call>
            <endpoint>
                <http method="GET"
                      uri-template="{uri.var.base}/RelatedPerson{+uri.var.urlQuery}"/>
            </endpoint>
        </call>
    </sequence>
</template>
