<?xml version="1.0" encoding="UTF-8"?>
<!--
~  Copyright (c) 2018, WSO2 Inc. (http://wso2.com) All Rights Reserved.
~
~  WSO2 Inc. licenses this file to you under the Apache License,
~  Version 2.0 (the "License"); you may not use this file except
~  in compliance with the License.
~  You may obtain a copy of the License at
~
~   http://www.apache.org/licenses/LICENSE-2.0
~
~  Unless required by applicable law or agreed to in writing,
~  software distributed under the License is distributed on an
~  "AS IS" BASIS, WITHOUT WARRANTIES OR CONDITIONS OF ANY
~  KIND, either express or implied.  See the License for the
~  specific language governing permissions and limitations
~  under the License.
-->
<template name="searchCarePlan" xmlns="http://ws.apache.org/ns/synapse">
    <parameter name="id" description="The logical resource id associated with the resource."/>
    <parameter name="startDate" description="starting date of the careplan"/>
    <parameter name="endDate" description="end date of the carePlan"/>
    <parameter name="patient" description="Who care plan is for."/>
    <parameter name="subject" description="Who care plan is for."/>
    <parameter name="count" description="Number of results per page."/>
    <parameter name="category" description="The scope of care plan being searched for"/>
    <parameter name="context" description="The encounter id of the care plan."/>
    <sequence>
        <property name="uri.var.id" expression="$func:id"/>
        <property name="uri.var.startDate" expression="$func:startDate"/>
        <property name="uri.var.endDate" expression="$func:endDate"/>
        <property name="uri.var.patient" expression="$func:patient"/>
        <property name="uri.var.count" expression="$func:count"/>
        <property name="uri.var.category" expression="$func:category"/>
        <property name="uri.var.context" expression="$func:context"/>
        <property name="uri.var.subject" expression="$func:subject"/>
        <filter source="boolean($ctx:uri.var.id) or boolean($ctx:uri.var.subject) or boolean($ctx:uri.var.patient)"
                regex="false">
            <then>
                <log category="ERROR" description="FAULT" level="custom">
                    <property name="ERROR" value="No supported Mandatory search parameters provided"/>
                </log>
                <payloadFactory media-type="json">
                    <format>{ "Error":{ "errorType":"InvalidParameter","details":"at least one of the id, patient and
                        subject parameters must be provided " } }
                    </format>
                    <args/>
                </payloadFactory>
                <header name="To" scope="default" action="remove"/>
                <property name="RESPONSE" value="true" scope="default" type="STRING"/>
                <property name="HTTP_SC" value="400" scope="axis2" type="STRING"/>
                <send/>
            </then>
            <else>
                <script language="js">
                    <![CDATA[
                    var id = mc.getProperty('uri.var.id');
                    var startDate = mc.getProperty('uri.var.startDate');
                    var endDate = mc.getProperty('uri.var.endDate');
                    var patient = mc.getProperty('uri.var.patient');
                    var count = mc.getProperty('uri.var.count');
                    var category = mc.getProperty('uri.var.category');
                    var context = mc.getProperty('uri.var.context');
                    var subject = mc.getProperty('uri.var.subject');
                    urlQuery = '';
                    if  (id != null && id != "") {
                        urlQuery += '_id=' + id + '&';
                    }
                    if  (startDate != null && startDate != "") {
                        urlQuery += 'date=ge' + startDate + '&';
                    }
                    if  (endDate != null && endDate != "") {
                        urlQuery += 'date=le' + endDate + '&';
                    }
                    if  (patient != null && patient != "") {
                        urlQuery += 'patient=' + patient + '&';
                    }
                    if  (count != null && count != "") {
                        urlQuery += '_count=' + count + '&';
                    }
                    if  (category != null && category != "") {
                        urlQuery += 'category=' + category + '&';
                    }
                    if  (context != null && context != "") {
                        urlQuery += 'context=' + context + '&';
                    }
                    if  (subject != null && subject != "") {
                        urlQuery += 'subject:Patient=' + subject + '&';
                    }
                    if  (urlQuery != null && urlQuery  != "") {
                        urlQuery = '?' + urlQuery.toString().substring(0, urlQuery.toString().lastIndexOf("&"));
                    }
                    mc.setProperty('uri.var.urlQuery',urlQuery);
                      ]]>
                </script>
                <header name="Accept" scope="transport" value="application/json+fhir"/>
                <call>
                    <log category="INFO" level="full" separator=","/>
                    <endpoint>
                        <http method="GET"
                              uri-template="{uri.var.base}/CarePlan{+uri.var.urlQuery}"/>
                    </endpoint>
                </call>
            </else>
        </filter>
    </sequence>
</template>
