<?xml version="1.0" encoding="UTF-8"?>
<!--
~  Copyright (c) 2018, WSO2 Inc. (http://wso2.com) All Rights Reserved.
~
~  WSO2 Inc. licenses this file to you under the Apache License,
~  Version 2.0 (the "License"); you may not use this file except
~  in compliance with the License.
~  You may obtain a copy of the License at
~
~   http://www.apache.org/licenses/LICENSE-2.0
~
~  Unless required by applicable law or agreed to in writing,
~  software distributed under the License is distributed on an
~  "AS IS" BASIS, WITHOUT WARRANTIES OR CONDITIONS OF ANY
~  KIND, either express or implied.  See the License for the
~  specific language governing permissions and limitations
~  under the License.
-->
<template name="searchPatient" xmlns="http://ws.apache.org/ns/synapse">
    <parameter name="id" description="The logical resource id associated with the resource."/>
    <parameter name="identifier" description="A patient identifier."/>
    <parameter name="name" description="The start of either family or given name of the patient."/>
    <parameter name="family" description="The start of the family name of the patient."/>
    <parameter name="phone" description="The patient’s phone number. "/>
    <parameter name="birthdate" description="The patient’s date of birth"/>
    <parameter name="given" description="The start of the given name of the patient."/>
    <parameter name="email" description="The patient’s email address. "/>
    <parameter name="gender" description="The gender of the patient."/>
    <parameter name="addressPostalCode" description="The postal code in the address details of the patient"/>
    <parameter name="count" description="The maximum number of results to return."/>
    <sequence>
        <property name="uri.var.id" expression="$func:id"/>
        <property name="uri.var.identifier" expression="$func:identifier"/>
        <property name="uri.var.name" expression="$func:name"/>
        <property name="uri.var.family" expression="$func:family"/>
        <property name="uri.var.phone" expression="$func:phone"/>
        <property name="uri.var.birthdate" expression="$func:birthdate"/>
        <property name="uri.var.given" expression="$func:given"/>
        <property name="uri.var.gender" expression="$func:gender"/>
        <property name="uri.var.addressPostalCode" expression="$func:addressPostalCode"/>
        <property name="uri.var.count" expression="$func:count"/>
        <property name="uri.var.email" expression="$func:email"/>
        <script language="js">
            <![CDATA[
            var id = mc.getProperty('uri.var.id');
            var name = mc.getProperty('uri.var.name');
            var family = mc.getProperty('uri.var.family');
            var identifier = mc.getProperty('uri.var.identifier');
            var phone = mc.getProperty('uri.var.phone');
            var birthdate = mc.getProperty('uri.var.birthdate');
            var given = mc.getProperty('uri.var.given');
            var gender = mc.getProperty('uri.var.gender');
            var addressPostalCode = mc.getProperty('uri.var.addressPostalCode');
            var count = mc.getProperty('uri.var.count');
            var email = mc.getProperty('uri.var.email');
            urlQuery = '';
            if  (id != null && id != "") {
                urlQuery += '_id=' + id + '&';
            }
            if  (name != null && name != "") {
                urlQuery += 'name=' + name + '&';
            }
            if  (family != null && family != "") {
                urlQuery += 'family=' + family + '&';
            }
            if  (identifier != null && identifier != "") {
                urlQuery += 'identifier=' + identifier + '&';
            }
            if  (phone != null && phone != "") {
                urlQuery += 'phone=' + phone + '&';
            }
            if  (birthdate != null && birthdate != "") {
                urlQuery += 'birthdate=' + birthdate + '&';
            }
            if  (given != null && given != "") {
                urlQuery += 'given=' + given + '&';
            }
            if  (gender != null && gender != "") {
                urlQuery += 'gender=' + gender + '&';
            }
            if  (addressPostalCode != null && addressPostalCode != "") {
                urlQuery += 'address-postalcode=' + addressPostalCode + '&';
            }
            if  (email != null && email != "") {
                urlQuery += 'email=' + email + '&';
            }
            if  (count != null && count != "") {
                urlQuery += '_count=' + count + '&';
            }
            if  (urlQuery != null && urlQuery  != "") {
                urlQuery = '?' + urlQuery.toString().substring(0, urlQuery.toString().lastIndexOf("&"));
            }
            mc.setProperty('uri.var.urlQuery',urlQuery);
            ]]>
        </script>
        <header name="Accept" scope="transport" value="application/json+fhir"/>
        <call>
            <endpoint>
                <http method="GET"
                      uri-template="{uri.var.base}/Patient{+uri.var.urlQuery}"/>
            </endpoint>
        </call>
    </sequence>
</template>
